Workbook
Name Slicer_Category: #N/A
Name Slicer_Region: #N/A

Sheet Sales_Data
A1: Order Date | B1: Region | C1: Category | D1: Product ID | E1: Product Name | F1: Customer Email | G1: Sales | H1: Profit | I1: Sales Category | J1: Performance Status | K1: Year | L1: Month
A2: 44998 | B2: North | C2: Technology | D2: P1006 | E2: keyboard | F2: sneha.singh60@yahoo.com | G2: 41519 | H2: 1598 | I2: =IF(G2>50000,"High Sales","Low Sales") -> Low Sales | J2: =IF(AND(G2>30000,H2>5000),"Good Performance","Needs Improvement") -> Needs Improvement | K2: =YEAR(A2) -> 2023 | L2: =TEXT(A2,"mmmm") -> March
A3: 45099 | B3: East | C3: Furniture | D3: P1006 | E3: keyboard | F3: vikram.roy61@outlook.com | G3: 74551 | H3: 2929 | I3: =IF(G3>50000,"High Sales","Low Sales") -> High Sales | J3: =IF(AND(G3>30000,H3>5000),"Good Performance","Needs Improvement") -> Needs Improvement | K3: =YEAR(A3) -> 2023 | L3: =TEXT(A3,"mmmm") -> June
A4: 44991 | B4: South | C4: Technology | D4: P1002 | E4: wireless mouse | F4: anita.das48@yahoo.com | G4: 39707 | H4: 10251 | I4: =IF(G4>50000,"High Sales","Low Sales") -> Low Sales | J4: =IF(AND(G4>30000,H4>5000),"Good Performance","Needs Improvement") -> Good Performance | K4: =YEAR(A4) -> 2023 | L4: =TEXT(A4,"mmmm") -> March
A5: 45187 | B5: East | C5: Technology | D5: P1005 | E5: printer | F5: anita.mehta51@companymail.com | G5: 41740 | H5: 5926 | I5: =IF(G5>50000,"High Sales","Low Sales") -> Low Sales | J5: =IF(AND(G5>30000,H5>5000),"Good Performance","Needs Improvement") -> Good Performance | K5: =YEAR(A5) -> 2023 | L5: =TEXT(A5,"mmmm") -> September
A6: 45066 | B6: North | C6: Technology | D6: P1007 | E6: monitor | F6: arjun.mehta26@outlook.com | G6: 25679 | H6: 16897 | I6: =IF(G6>50000,"High Sales","Low Sales") -> Low Sales | J6: =IF(AND(G6>30000,H6>5000),"Good Performance","Needs Improvement") -> Needs Improvement | K6: =YEAR(A6) -> 2023 | L6: =TEXT(A6,"mmmm") -> May
A7: 44978 | B7: East | C7: Technology | D7: P1002 | E7: wireless mouse | F7: amit.roy18@companymail.com | G7: 93596 | H7: 16635 | I7: =IF(G7>50000,"High Sales","Low Sales") -> High Sales | J7: =IF(AND(G7>30000,H7>5000),"Good Performance","Needs Improvement") -> Good Performance | K7: =YEAR(A7) -> 2023 | L7: =TEXT(A7,"mmmm") -> February
A8: 45211 | B8: North | C8: Technology | D8: P1006 | E8: keyboard | F8: sneha.das6@outlook.com | G8: 73436 | H8: 11543 | I8: =IF(G8>50000,"High Sales","Low Sales") -> High Sales | J8: =IF(AND(G8>30000,H8>5000),"Good Performance","Needs Improvement") -> Good Performance | K8: =YEAR(A8) -> 2023 | L8: =TEXT(A8,"mmmm") -> October
A9: 45230 | B9: East | C9: Office Supplies | D9: P1005 | E9: printer | F9: amit.mehta19@gmail.com | G9: 57615 | H9: 10638 | I9: =IF(G9>50000,"High Sales","Low Sales") -> High Sales | J9: =IF(AND(G9>30000,H9>5000),"Good Performance","Needs Improvement") -> Good Performance | K9: =YEAR(A9) -> 2023 | L9: =TEXT(A9,"mmmm") -> October
A10: 44675 | B10: North | C10: Technology | D10: P1002 | E10: wireless mouse | F10: kavya.sharma2@outlook.com | G10: 20610 | H10: 11441 | I10: =IF(G10>50000,"High Sales","Low Sales") -> Low Sales | J10: =IF(AND(G10>30000,H10>5000),"Good Performance","Needs Improvement") -> Needs Improvement | K10: =YEAR(A10) -> 2022 | L10: =TEXT(A10,"mmmm") -> April
A11: 44954 | B11: North | C11: Technology | D11: P1003 | E11: office chair | F11: rahul.nair45@yahoo.com | G11: 30927 | H11: 7697 | I11: =IF(G11>50000,"High Sales","Low Sales") -> Low Sales | J11: =IF(AND(G11>30000,H11>5000),"Good Performance","Needs Improvement") -> Good Performance | K11: =YEAR(A11) -> 2023 | L11: =TEXT(A11,"mmmm") -> January
A12: 45039 | B12: East | C12: Office Supplies | D12: P1006 | E12: keyboard | F12: kavya.roy72@gmail.com | G12: 32186 | H12: 9561 | I12: =IF(G12>50000,"High Sales","Low Sales") -> Low Sales | J12: =IF(AND(G12>30000,H12>5000),"Good Performance","Needs Improvement") -> Good Performance | K12: =YEAR(A12) -> 2023 | L12: =TEXT(A12,"mmmm") -> April
A13: 45063 | B13: West | C13: Furniture | D13: P1005 | E13: printer | F13: arjun.nair73@gmail.com | G13: 83382 | H13: 9790 | I13: =IF(G13>50000,"High Sales","Low Sales") -> High Sales | J13: =IF(AND(G13>30000,H13>5000),"Good Performance","Needs Improvement") -> Good Performance | K13: =YEAR(A13) -> 2023 | L13: =TEXT(A13,"mmmm") -> May
... A80: 44989 | B80: East | C80: Furniture | D80: P1003 | E80: office chair | F80: anita.roy38@companymail.com | G80: 34885 | H80: 17986 | I80: =IF(G80>50000,"High Sales","Low Sales") -> Low Sales | J80: =IF(AND(G80>30000,H80>5000),"Good Performance","Needs Improvement") -> Good Performance | K80: =YEAR(A80) -> 2023 | L80: =TEXT(A80,"mmmm") -> March
A81: 45284 | B81: East | C81: Technology | D81: P1002 | E81: wireless mouse | F81: vikram.sharma27@outlook.com | G81: - | H81: 1994 | I81: =IF(G81>50000,"High Sales","Low Sales") -> High Sales | J81: =IF(AND(G81>30000,H81>5000),"Good Performance","Needs Improvement") -> Needs Improvement | K81: =YEAR(A81) -> 2023 | L81: =TEXT(A81,"mmmm") -> December

Sheet Task 1
A1: Task 1 - Summary Table(With calc involved)
A2: Metrics | B2: Formula Used | C2: Output | D2: Comments
A3: Total Sales | B3: SUM() | C3: =SUM(Sales_Data!G2:G81) -> 4064838 | D3: This give the overall sales figure
A4: Average Sales | B4: AVERAGE() | C4: =AVERAGE(Sales_Data!G2:G81) -> 51453.646 | D4: This shows average sale value per order
A5: Highest Sales | B5: MAX() | C5: =MAX(Sales_Data!G2:G81) -> 93596 | D5: This tell us the best performing order in sales dataset
A6: Lowest Sales | B6: MIN() | C6: =MIN(Sales_Data!G2:G81) -> 7042 | D6: This gives us the smallest order value
A7: Total no of sales records | B7: COUNT() | C7: =COUNT(Sales_Data!G2:G81) -> 79 | D7: This counts only numeric values
A8: Total no of sales records | B8: COUNTA() | C8: =COUNTA(Sales_Data!G2:G81) -> 80 | D8: This counts non-empty cells in the dataset (numbers and text if any)

Sheet Task 2
A1: Task 2 - Summary Table(With calc columns)
A2: Column names | B2: Formula Used | C2: Output | D2: Comments
A3: Sales category | B3: IF() | C3: Low Sales/High Sales | D3: The IF function was used to classify sales into High and Low categories
A4: Performance Status | B4: IF() AND() | C4: Good performance/Needs Improvement | D4: The AND function was applied along with IF to evaluate performance based on multiple conditions involving Sales and Profit.

Sheet Task 3
A1: Order Date | B1: Region | C1: Category | D1: Product ID | E1: Product Name | F1: Email Username | G1: Email Domain | H1: Sales | I1: Profit | J1: Sales Category | K1: Performance Status | L1: Comments
A2: 44998 | B2: North | C2: Technology | D2: P1006 | E2: =PROPER(TRIM(Sales_Data!E2)) -> Keyboard | F2: sneha.singh60 | G2: yahoo.com | H2: 41519 | I2: 1598 | J2: =IF(H2>50000,"High Sales","Low Sales") -> Low Sales | K2: =IF(AND(H2>30000,I2>5000),"Good Performance","Needs Improvement") -> Needs Improvement | L2: No duplicates found, No spelling errors, username and domain are separated from email address and proper/trim function is used to remove unwanted spaces as well as capitalize each word
A3: 45099 | B3: East | C3: Furniture | D3: P1006 | E3: =PROPER(TRIM(Sales_Data!E3)) -> Keyboard | F3: vikram.roy61 | G3: outlook.com | H3: 74551 | I3: 2929 | J3: =IF(H3>50000,"High Sales","Low Sales") -> High Sales | K3: =IF(AND(H3>30000,I3>5000),"Good Performance","Needs Improvement") -> Needs Improvement
A4: 44991 | B4: South | C4: Technology | D4: P1002 | E4: =PROPER(TRIM(Sales_Data!E4)) -> Wireless Mouse | F4: anita.das48 | G4: yahoo.com | H4: 39707 | I4: 10251 | J4: =IF(H4>50000,"High Sales","Low Sales") -> Low Sales | K4: =IF(AND(H4>30000,I4>5000),"Good Performance","Needs Improvement") -> Good Performance
A5: 45187 | B5: East | C5: Technology | D5: P1005 | E5: =PROPER(TRIM(Sales_Data!E5)) -> Printer | F5: anita.mehta51 | G5: companymail.com | H5: 41740 | I5: 5926 | J5: =IF(H5>50000,"High Sales","Low Sales") -> Low Sales | K5: =IF(AND(H5>30000,I5>5000),"Good Performance","Needs Improvement") -> Good Performance
A6: 45066 | B6: North | C6: Technology | D6: P1007 | E6: =PROPER(TRIM(Sales_Data!E6)) -> Monitor | F6: arjun.mehta26 | G6: outlook.com | H6: 25679 | I6: 16897 | J6: =IF(H6>50000,"High Sales","Low Sales") -> Low Sales | K6: =IF(AND(H6>30000,I6>5000),"Good Performance","Needs Improvement") -> Needs Improvement
A7: 44978 | B7: East | C7: Technology | D7: P1002 | E7: =PROPER(TRIM(Sales_Data!E7)) -> Wireless Mouse | F7: amit.roy18 | G7: companymail.com | H7: 93596 | I7: 16635 | J7: =IF(H7>50000,"High Sales","Low Sales") -> High Sales | K7: =IF(AND(H7>30000,I7>5000),"Good Performance","Needs Improvement") -> Good Performance
A8: 45211 | B8: North | C8: Technology | D8: P1006 | E8: =PROPER(TRIM(Sales_Data!E8)) -> Keyboard | F8: sneha.das6 | G8: outlook.com | H8: 73436 | I8: 11543 | J8: =IF(H8>50000,"High Sales","Low Sales") -> High Sales | K8: =IF(AND(H8>30000,I8>5000),"Good Performance","Needs Improvement") -> Good Performance
A9: 45230 | B9: East | C9: Office Supplies | D9: P1005 | E9: =PROPER(TRIM(Sales_Data!E9)) -> Printer | F9: amit.mehta19 | G9: gmail.com | H9: 57615 | I9: 10638 | J9: =IF(H9>50000,"High Sales","Low Sales") -> High Sales | K9: =IF(AND(H9>30000,I9>5000),"Good Performance","Needs Improvement") -> Good Performance
A10: 45040 | B10: North | C10: Technology | D10: P1002 | E10: =PROPER(TRIM(Sales_Data!E10)) -> Wireless Mouse | F10: kavya.sharma2 | G10: outlook.com | H10: 20610 | I10: 11441 | J10: =IF(H10>50000,"High Sales","Low Sales") -> Low Sales | K10: =IF(AND(H10>30000,I10>5000),"Good Performance","Needs Improvement") -> Needs Improvement
A11: 44954 | B11: North | C11: Technology | D11: P1003 | E11: =PROPER(TRIM(Sales_Data!E11)) -> Office Chair | F11: rahul.nair45 | G11: yahoo.com | H11: 30927 | I11: 7697 | J11: =IF(H11>50000,"High Sales","Low Sales") -> Low Sales | K11: =IF(AND(H11>30000,I11>5000),"Good Performance","Needs Improvement") -> Good Performance
A12: 45039 | B12: East | C12: Office Supplies | D12: P1006 | E12: =PROPER(TRIM(Sales_Data!E12)) -> Keyboard | F12: kavya.roy72 | G12: gmail.com | H12: 32186 | I12: 9561 | J12: =IF(H12>50000,"High Sales","Low Sales") -> Low Sales | K12: =IF(AND(H12>30000,I12>5000),"Good Performance","Needs Improvement") -> Good Performance
A13: 45063 | B13: West | C13: Furniture | D13: P1005 | E13: =PROPER(TRIM(Sales_Data!E13)) -> Printer | F13: arjun.nair73 | G13: gmail.com | H13: 83382 | I13: 9790 | J13: =IF(H13>50000,"High Sales","Low Sales") -> High Sales | K13: =IF(AND(H13>30000,I13>5000),"Good Performance","Needs Improvement") -> Good Performance
A14: 45106 | B14: West | C14: Furniture | D14: P1001 | E14: =PROPER(TRIM(Sales_Data!E14)) -> Laptop Stand | F14: anita.mehta53 | G14: outlook.com | H14: 41358 | I14: 9198 | J14: =IF(H14>50000,"High Sales","Low Sales") -> Low Sales | K14: =IF(AND(H14>30000,I14>5000),"Good Performance","Needs Improvement") -> Good Performance
... A80: 44989 | B80: East | C80: Furniture | D80: P1003 | E80: =PROPER(TRIM(Sales_Data!E80)) -> Office Chair | F80: anita.roy38 | G80: companymail.com | H80: 34885 | I80: 17986 | J80: =IF(H80>50000,"High Sales","Low Sales") -> Low Sales | K80: =IF(AND(H80>30000,I80>5000),"Good Performance","Needs Improvement") -> Good Performance
A81: 45284 | B81: East | C81: Technology | D81: P1002 | E81: =PROPER(TRIM(Sales_Data!E81)) -> Wireless Mouse | F81: vikram.sharma27 | G81: outlook.com | H81: - | I81: 1994 | J81: =IF(H81>50000,"High Sales","Low Sales") -> High Sales | K81: =IF(AND(H81>30000,I81>5000),"Good Performance","Needs Improvement") -> Needs Improvement

Sheet Task 4 
A1: Product ID | B1: Category | C1: Comments
A2: P1001 | B2: =_xlfn.XLOOKUP(A2,Sales_Data!$D:$D,Sales_Data!$C:$C) -> Furniture | C2: Lookup functions were used to fetch category details based on Product ID. XLOOKUP was preferred due to its flexibility as it moves in every direction whether left or right, top or bottom. Date functions such as YEAR() and TEXT() were used to extract year and month from order dates for time-based analysis (check sales_data tab)
A3: P1002 | B3: =_xlfn.XLOOKUP(A3,Sales_Data!$D:$D,Sales_Data!$C:$C) -> Technology
A4: P1003 | B4: =_xlfn.XLOOKUP(A4,Sales_Data!$D:$D,Sales_Data!$C:$C) -> Technology
A5: P1004 | B5: =_xlfn.XLOOKUP(A5,Sales_Data!$D:$D,Sales_Data!$C:$C) -> Furniture
A6: P1005 | B6: =_xlfn.XLOOKUP(A6,Sales_Data!$D:$D,Sales_Data!$C:$C) -> Technology
A7: P1006 | B7: =_xlfn.XLOOKUP(A7,Sales_Data!$D:$D,Sales_Data!$C:$C) -> Technology
A8: P1007 | B8: =_xlfn.XLOOKUP(A8,Sales_Data!$D:$D,Sales_Data!$C:$C) -> Technology

Sheet Task 5- Region wise sales
A2: Region | B2: Sum of Sales
A3: East | B3: 1374664
A4: North | B4: 994379
A5: South | B5: 865517
A6: West | B6: 830278
A7: Grand Total | B7: 4064838
A9: Comments- | B9: This pivot table shows the total sales with respect to each region

Sheet Task 5- Profit by category
A2: Category | B2: Profit %
A3: Furniture | B3: 0.30846336
A4: Office Supplies | B4: 0.36517604
A5: Technology | B5: 0.3263606
A6: Grand Total | B6: 1
A8: Comments- | B8: This pivot table clearly shows the profit contribution with respect to each category

Sheet Task 5- Monthly sales
A2: Months | B2: Sum of Sales
A3: January | B3: 260093
A4: February | B4: 298340
A5: March | B5: 212742
A6: April | B6: 298331
A7: May | B7: 440277
A8: June | B8: 221049
A9: July | B9: 360620
A10: August | B10: 247319
A11: September | B11: 302318
A12: October | B12: 716465
A13: November | B13: 258651
A14: December | B14: 448633
A15: Grand Total | B15: 4064838
A17: Comments- | B17: This pivot table clearly shows the month over month sales volume.

Sheet Task 6- Dashboard
A1: Sales Performance Dashboard
P3: =SUM(Sales_Data!G2:G81) -> 4064838
P4: =SUM(Sales_Data!H2:H81) -> 778556
P5: =AVERAGE(Sales_Data!G2:G81) -> 51453.646

Sheet Task 6- KPI
A2: Total Sales | B2: Total Profit | C2: Average of Sales
A3: 4064838 | B3: 778556 | C3: 51453.646
